<?xml version="1.0" encoding="UTF-8" ?>
<odoo>
    <data noupdate="1">
    <!-- Schedule action for generating automatic database backup-->
        <record id="ir_cron_auto_db_backup" model="ir.cron">
            <field name="name">Backup : Automatic Database Backup</field>
            <field name="model_id" ref="model_db_backup_configure"/>
            <field name="state">code</field>
            <field name="code">model._schedule_auto_backup()</field>
            <field name="interval_number">1</field>
            <field name="interval_type">days</field>
            <field name="numbercall">-1</field>
            <field name="active">True</field>
        </record>
    </data>
</odoo>
