<?xml version="1.0" encoding="utf-8"?>
<odoo>
    <record model="ir.module.category" id="module_category_gym_operator">
        <field name="name">Gym Management</field>
        <field name="description">category for Gym Management</field>
    </record>

    <record id="group_gym_member" model="res.groups">
        <field name="name">Member</field>
        <field name="category_id" ref="module_category_gym_operator"/>
    </record>

    <record id="group_gym_trainer" model="res.groups">
        <field name="name">Trainer</field>
        <field name="category_id" ref="module_category_gym_operator"/>
        <field name="implied_ids" eval="[(4, ref('group_gym_member'))]"/>
    </record>

    <record id="group_gym_operator" model="res.groups">
        <field name="name">Operator</field>
        <field name="category_id" ref="module_category_gym_operator"/>
        <field name="implied_ids" eval="[(4, ref('group_gym_trainer'))]"/>
    </record>
    <record id="base.group_erp_manager" model="res.groups">
                <field name="implied_ids" eval="[(4, ref('group_gym_operator'))]"/>


    </record>

    <!--   multi-company rule-->

<!--    <record id="gym_managment_equipment_rule" model="ir.rule">-->
<!--        <field name="name">Gym Managment Equipment Rule</field>-->
<!--        <field name="model_id" ref="model_product_template"/>-->
<!--        <field name="domain_force">[('company_id', 'in', company_ids)]</field>-->
<!--    </record>-->
<!--    <record id="gym_managment_exercise_rule" model="ir.rule">-->
<!--        <field name="name">Gym Managment Exercise Rule</field>-->
<!--        <field name="model_id" ref="model_gym_exercise"/>-->
<!--        <field name="domain_force">[('company_id', 'in', company_ids)]</field>-->
<!--    </record>-->
<!--    <record id="gym_managment_exercise_for_rule" model="ir.rule">-->
<!--        <field name="name">Gym Managment Exercise For Rule</field>-->
<!--        <field name="model_id" ref="model_exercise_for"/>-->
<!--        <field name="domain_force">[('company_id', 'in', company_ids)]</field>-->
<!--    </record>-->
<!--    <record id="gym_managment_measurement_history_rule" model="ir.rule">-->
<!--        <field name="name">Gym Managment Measurement History Rule</field>-->
<!--        <field name="model_id" ref="model_measurement_history"/>-->
<!--        <field name="domain_force">[('company_id', 'in', company_ids)]</field>-->
<!--    </record>-->
<!--    <record id="gym_managment_gym_member_rule" model="ir.rule">-->
<!--        <field name="name">Gym Managment Gym Member Rule</field>-->
<!--        <field name="model_id" ref="model_res_partner"/>-->
<!--        <field name="domain_force">[('company_id', 'in', company_ids)]</field>-->
<!--    </record>-->
<!--    <record id="gym_managment_gym_membership_rule" model="ir.rule">-->
<!--        <field name="name">Gym Managment Membership Rule</field>-->
<!--        <field name="model_id" ref="model_gym_membership"/>-->
<!--        <field name="domain_force">[('company_id', 'in', company_ids)]</field>-->
<!--    </record>-->
<!--    <record id="gym_managment_trainer_skill_rule" model="ir.rule">-->
<!--        <field name="name">Gym Managment Trainer skill Rule</field>-->
<!--        <field name="model_id" ref="model_trainer_skill"/>-->
<!--        <field name="domain_force">[('company_id', 'in', company_ids)]</field>-->
<!--    </record>-->
<!--    <record id="gym_managment_trainer_rule" model="ir.rule">-->
<!--        <field name="name">Gym Managment Trainer  Rule</field>-->
<!--        <field name="model_id" ref="model_hr_employee"/>-->
<!--        <field name="domain_force">[('company_id', 'in', company_ids)]</field>-->
<!--    </record>-->
<!--    <record id="gym_managment_trainer_skill_rule" model="ir.rule">-->
<!--        <field name="name">Gym Managment Trainer skill Rule</field>-->
<!--        <field name="model_id" ref="model_trainer_skill"/>-->
<!--        <field name="domain_force">[('company_id', 'in', company_ids)]</field>-->
<!--    </record>-->

</odoo>