<?xml version="1.0" encoding="utf-8"?>
<odoo>
    <data noupdate="1">
        <!--    Sequence of ticket-->
        <record id="sequence_help_ticket_seq" model="ir.sequence">
            <field name="name">Helpdesk</field>
            <field name="code">help.ticket</field>
            <field name="prefix">TKT</field>
            <field name="padding">5</field>
            <field eval="1" name="number_increment"/>
            <field eval="False" name="company_id"/>
        </record>
        <!--Sequence Invoice Ticket-->
        <record id="sequence_help_ticket_inv_seq" model="ir.sequence">
            <field name="name">Helpdesk Invoice</field>
            <field name="code">ticket.invoice</field>
            <field name="prefix">INV/TKT/%(year)s/</field>
            <field name="padding">3</field>
            <field eval="1" name="number_increment"/>
            <field eval="False" name="company_id"/>
        </record>
    </data>
</odoo>
