<?xml version="1.0" encoding="utf-8"?>
<odoo>
    <data noupdate="1">
        <!-- Project Stages -->
        <record id="stage_inbox" model="ticket.stage">
            <field name="sequence">10</field>
            <field name="name">Inbox</field>
        </record>

        <record id="stage_draft" model="ticket.stage">
            <field name="sequence">15</field>
            <field name="name">Draft</field>
        </record>

        <record id="ticket_stage_03" model="ticket.stage">
            <field name="sequence">20</field>
            <field name="name">In Progress</field>
        </record>

        <record id="ticket_stage_04" model="ticket.stage">
            <field name="sequence">25</field>
            <field name="name">Done</field>
            <field name="folded" eval="True"/>
        </record>

        <record id="ticket_stage_05" model="ticket.stage">
            <field name="sequence">30</field>
            <field name="name">Canceled</field>
            <field name="folded" eval="True"/>
        </record>
    </data>
</odoo>
