id,name,model_id:id,group_id:id,perm_read,perm_write,perm_create,perm_unlink
tfc_access_tfc_ies_alumno,tfc_ies.alumno,model_tfc_alumno,tfc_manager,1,1,1,1
tfc_access_tfc_ies_tutor,tfc_ies.tutor,model_tfc_tutor,tfc_manager,1,1,1,1
tfc_access_tfc_ies_curso,tfc_ies.curso,model_tfc_curso,tfc_manager,1,1,1,1
tfc_access_tfc_ies_ciclo,tfc_ies.ciclo,model_tfc_ciclo,tfc_manager,1,1,1,1
tfc_access_tfc_ies_palabraclave,tfc_ies.palabraclave,model_tfc_palabraclave,tfc_manager,1,1,1,1
tfc_access_tfc_ies_archivo,tfc_ies.archivo,model_tfc_archivo,tfc_manager,1,1,1,1
tfc_access_tfc_ies_proyecto,tfc_ies.proyecto,model_tfc_proyecto,tfc_manager,1,1,1,1
tfc_accessreadonly_tfc_ies_alumno,tfc_ies.alumno,model_tfc_alumno,tfc_usuario,1,0,0,0
tfc_accessreadonly_tfc_ies_tutor,tfc_ies.tutor,model_tfc_tutor,tfc_usuario,1,0,0,0
tfc_accessreadonly_tfc_ies_ciclo,tfc_ies.ciclo,model_tfc_ciclo,tfc_usuario,1,0,0,0
tfc_accessreadonly_tfc_ies_curso,tfc_ies.curso,model_tfc_curso,tfc_usuario,1,0,0,0
tfc_accessreadonly_tfc_ies_palabraclave,tfc_ies.palabraclave,model_tfc_palabraclave,tfc_usuario,1,0,0,0
tfc_accessreadonly_tfc_ies_archivo,tfc_ies.archivo,model_tfc_archivo,tfc_usuario,1,0,0,0
tfc_accessreadonly_tfc_ies_proyecto,tfc_ies.proyecto,model_tfc_proyecto,tfc_usuario,1,0,0,0
