<odoo>
  <data>

    <record id="tfc_module_category_tfc" model="ir.module.category">
        <field name="name">TFC</field>
        <field name="description">Ayuda a gestionar los TFC's</field>
        <!-- Es independiente la secuencia indica la prioridad a la hora de mostrar y gestionar la información -->
        <field name="sequence">100</field>
    </record>


    <record id="tfc_manager" model="res.groups">
      <field name="name">Responsable</field>
      <field name="category_id" ref="tfc_module_category_tfc"/>
      <field name="users" eval="[(4,ref('base.user_root')),(4,ref('base.user_admin'))]" />
      <field name="comment">Administrador</field>
    </record>

    <record id="tfc_usuario" model="res.groups">
      <field name="category_id" ref="tfc_module_category_tfc"/>
      <field name="name">Usuario</field>
      <field name="comment">Usuario</field>
    </record>

  </data>
</odoo>
