<!-- DATOS QUE SE CARGAN SIEMPRE EN LA APLICACIÓN-->
<!-- <odoo>
  <data>
    <!-- ALUMNOS -->
    <record id="alumno_prueba" model="tfc.alumno">
      <field name="name">Alumo 1</field>
      <field name="apellidos">Apellidos Alumno 1</field>
      <field name="telefono">111111111</field>
      <field name="correo">alumno1@correo.com</field>
      </record>
    <!-- TUTORES -->
    <record id="tutor_prueba" model="tfc.tutor">
      <field name="name">Tutor 1</field>
      <field name="apellidos">Apellidos Tutor 1</field>
      <field name="telefono">111111111</field>
      <field name="correo">tutor1@correo.com</field>
    </record>
    <!-- CURSOS -->
    <record id="curso_prueba1" model="tfc.curso">
      <field name="name">2020/2021</field>
    </record>
    <record id="curso_prueba2" model="tfc.curso">
      <field name="name">2021/2022</field>
    </record>
    <!-- CURSOS -->
    <record id="ciclo_prueba1" model="tfc.ciclo">
      <field name="name">DAM</field>
    </record>
    <record id="ciclo_prueba2" model="tfc.ciclo">
      <field name="name">DAW</field>
    </record>
    <!-- PALABRAS CLAVE -->
    <record id="palabra_prueba1" model="tfc.palabraclave">
      <field name="name">Java</field>
    </record>
    <record id="palabra_prueba2" model="tfc.palabraclave">
      <field name="name">Odoo</field>
    </record>
    <record id="palabra_prueba3" model="tfc.palabraclave">
      <field name="name">Android</field>
    </record>
    <record id="palabra_prueba4" model="tfc.palabraclave">
      <field name="name">Aplicacion</field>
    </record>
    <!-- PROYECTOS -->
    <record id="proyecto_prueba" model="tfc.proyecto">
      <field name="name">Proyecto 1</field>
      <field name="alumno" ref="alumno_prueba"/>
      <field name="tutor" ref="tutor_prueba"/>
      <field name="curso" ref="curso_prueba1"/>
      <field name="ciclo" ref="ciclo_prueba1"/>
      <field name="palabras_clave" eval="[ref('palabra_prueba2'),ref('palabra_prueba4')]"/>
    </record>
  </data>
</odoo> -->
